ID,SpecialtyType,Multiplier,TimeUsed,CustomerQueue
9001238588,0,1,460.0,"['1032879388', '1032879408', '1032879428', '1032879505', '1032879178', '1032879192', '1032879210', '1032879226', '1032879292', '1032875007', '1032874586', '1032874661', '1032875554', '1032875468', '1032876603', '1032877022', '1032876323', '1032876169']"
9001238539,3,0.9,463.5,"['1032878357', '1032878244', '1032878176', '1032878438', '1032878280', '1032878304', '1032878333', '1032878655', '1032878578', '1032878524', '1032878473', '1032878896', '1032879010', '1032878703', '1032878818', '1032879021', '1032878738', '1032878915', '1032879470', '1032879106', '1032879327', '1032879374', '1032879281', '1032879237', '1032874960', '1032874631', '1032874964', '1032874756', '1032875411', '1032875560', '1032875515', '1032876282', '1032876595', '1032876413', '1032876506', '1032876198']"
9001238593,0,1,460.0,"['1032879536', '1032879512', '1032879488', '1032879508', '1032879305', '1032879344', '1032879381', '1032879227', '1032879168', '1032874771', '1032874566', '1032874593', '1032875553', '1032875517', '1032876588', '1032877014', '1032876940', '1032876175']"
9001238555,3,0.9,463.5,"['1032878359', '1032878394', '1032878413', '1032878439', '1032878466', '1032878307', '1032878332', '1032878651', '1032878575', '1032878522', '1032878493', '1032878864', '1032878985', '1032878724', '1032878827', '1032879039', '1032878760', '1032879434', '1032879515', '1032879191', '1032879375', '1032879161', '1032879248', '1032874976', '1032874992', '1032874597', '1032875013', '1032875536', '1032875502', '1032876524', '1032876935', '1032876298', '1032876435', '1032877087', '1032876319']"
9001238541,3,0.9,463.5,"['1032878370', '1032878114', '1032878135', '1032878181', '1032878281', '1032878306', '1032878125', '1032878646', '1032878573', '1032878525', '1032878472', '1032878861', '1032878971', '1032878712', '1032878834', '1032879024', '1032878728', '1032878798', '1032879480', '1032879302', '1032879113', '1032879367', '1032879140', '1032879142', '1032874972', '1032874630', '1032874751', '1032874745', '1032875399', '1032875492', '1032875524', '1032876551', '1032876927', '1032876393', '1032877097', '1032876303']"
9001238540,3,0.9,463.5,"['1032878366', '1032878397', '1032878136', '1032878106', '1032878098', '1032878312', '1032878329', '1032878663', '1032878584', '1032878533', '1032878477', '1032878895', '1032879015', '1032878708', '1032878815', '1032879029', '1032878721', '1032878917', '1032879482', '1032879169', '1032879322', '1032879370', '1032879153', '1032879144', '1032874958', '1032874587', '1032874949', '1032874746', '1032874737', '1032875500', '1032876538', '1032876919', '1032876643', '1032877038', '1032876512', '1032876215']"
9001238533,2,0.5,460.0,"['1032878058', '1032878040', '1032877994', '1032877967', '1032877934', '1032877888', '1032877865', '1032877828', '1032877785', '1032877755', '1032877720', '1032877696', '1032877653', '1032877615', '1032877584', '1032877561', '1032877529', '1032877482', '1032877431', '1032877420', '1032877376', '1032877328', '1032877315', '1032877267', '1032877215', '1032877210', '1032877158', '1032877138', '1032877103', '1032876513', '1032876349', '1032876188', '1032876709', '1032876174']"
9001238487,2,0.8,464.0,"['1032878063', '1032878002', '1032877940', '1032877907', '1032877848', '1032877790', '1032877733', '1032877685', '1032877638', '1032877578', '1032877532', '1032877470', '1032877409', '1032877355', '1032877303', '1032877240', '1032877171', '1032877126', '1032876532', '1032876289', '1032876340', '1032876728']"
9001238546,3,0.9,463.5,"['1032878112', '1032878246', '1032878177', '1032878440', '1032878463', '1032878305', '1032878331', '1032878650', '1032878574', '1032878523', '1032878475', '1032878903', '1032878970', '1032878700', '1032878812', '1032879032', '1032878697', '1032878735', '1032879479', '1032879074', '1032879324', '1032879123', '1032879131', '1032879141', '1032874642', '1032874599', '1032874750', '1032874941', '1032875394', '1032875424', '1032875541', '1032876550', '1032876553', '1032876395', '1032876509', '1032876207']"
9001238551,3,0.9,463.5,"['1032878351', '1032878132', '1032878418', '1032878269', '1032878284', '1032878122', '1032878338', '1032878662', '1032878585', '1032878531', '1032878479', '1032878865', '1032878984', '1032878702', '1032878811', '1032878990', '1032879028', '1032878948', '1032879468', '1032879073', '1032879076', '1032879365', '1032879162', '1032879262', '1032874967', '1032874885', '1032874758', '1032874736', '1032875402', '1032875452', '1032875522', '1032877050', '1032876939', '1032877060', '1032876473', '1032876271']"
9001238554,3,0.9,463.5,"['1032878128', '1032878392', '1032878257', '1032878117', '1032878143', '1032878147', '1032878154', '1032878654', '1032878579', '1032878541', '1032878487', '1032878867', '1032878988', '1032878718', '1032878846', '1032878683', '1032878776', '1032878853', '1032879467', '1032879298', '1032879183', '1032879372', '1032879236', '1032879264', '1032874963', '1032874888', '1032874643', '1032874723', '1032874997', '1032875557', '1032876535', '1032876558', '1032876582', '1032876403', '1032876521', '1032876295']"
9001238536,3,0.9,463.5,"['1032878099', '1032878388', '1032878415', '1032878182', '1032878190', '1032878203', '1032878216', '1032878649', '1032878576', '1032878521', '1032878489', '1032878876', '1032878994', '1032878726', '1032878796', '1032878986', '1032879035', '1032878979', '1032879473', '1032879303', '1032879050', '1032879206', '1032879285', '1032879244', '1032874596', '1032874910', '1032874950', '1032874646', '1032875397', '1032875491', '1032875525', '1032876931', '1032876621', '1032876411', '1032876494', '1032876255']"
9001238502,2,0.8,464.0,"['1032878084', '1032878012', '1032877950', '1032877896', '1032877837', '1032877777', '1032877742', '1032877689', '1032877633', '1032877570', '1032877516', '1032877476', '1032877418', '1032877362', '1032877299', '1032877233', '1032877176', '1032877113', '1032876563', '1032876347', '1032876424', '1032876681']"
9001238543,3,0.9,463.5,"['1032878353', '1032878243', '1032878416', '1032878446', '1032878101', '1032878311', '1032878155', '1032878647', '1032878572', '1032878543', '1032878492', '1032878875', '1032878995', '1032878719', '1032878842', '1032878686', '1032878769', '1032878671', '1032879466', '1032879105', '1032879182', '1032879369', '1032879238', '1032879247', '1032874594', '1032874721', '1032874754', '1032874933', '1032875410', '1032875489', '1032875521', '1032876555', '1032876679', '1032876401', '1032876517', '1032876223']"
9001238581,3,0.8,460.0,"['1032878230', '1032878167', '1032878252', '1032878433', '1032878277', '1032878297', '1032878152', '1032878222', '1032878626', '1032878600', '1032878547', '1032878494', '1032878820', '1032878921', '1032879023', '1032878762', '1032878912', '1032878725', '1032878901', '1032878752', '1032879460', '1032879542', '1032879115', '1032879364', '1032879128', '1032879088', '1032879257', '1032874994', '1032874731', '1032874722', '1032874891', '1032875481', '1032875506', '1032875526', '1032876599', '1032876560', '1032876971', '1032876211', '1032876415']"
9001238562,3,0.8,464.0,"['1032878233', '1032878168', '1032878248', '1032878178', '1032878450', '1032878144', '1032878109', '1032878346', '1032878642', '1032878598', '1032878544', '1032878513', '1032878819', '1032878925', '1032879033', '1032878763', '1032878897', '1032878749', '1032878941', '1032878821', '1032879463', '1032879523', '1032879186', '1032879269', '1032879129', '1032879271', '1032879258', '1032874765', '1032874889', '1032874774', '1032874639', '1032875431', '1032875507', '1032876542', '1032876660', '1032876634', '1032876554', '1032876377', '1032876440', '1032876764']"
9001238491,2,0.8,464.0,"['1032878053', '1032877998', '1032877955', '1032877899', '1032877840', '1032877801', '1032877741', '1032877677', '1032877625', '1032877579', '1032877527', '1032877468', '1032877407', '1032877353', '1032877292', '1032877253', '1032877179', '1032877118', '1032877037', '1032876387', '1032876452', '1032876758']"
9001238556,3,0.9,463.5,"['1032878362', '1032878170', '1032878258', '1032878448', '1032878464', '1032878200', '1032878214', '1032878652', '1032878593', '1032878542', '1032878486', '1032878888', '1032878992', '1032878727', '1032878859', '1032878691', '1032878745', '1032879436', '1032879517', '1032879116', '1032879376', '1032879235', '1032879249', '1032874759', '1032874776', '1032874650', '1032874657', '1032875478', '1032875438', '1032876534', '1032876675', '1032876928', '1032877053', '1032877082', '1032876359']"
9001238550,3,0.9,463.5,"['1032878127', '1032878242', '1032878255', '1032878443', '1032878283', '1032878302', '1032878212', '1032878659', '1032878580', '1032878532', '1032878478', '1032878898', '1032879009', '1032878731', '1032878871', '1032878998', '1032878675', '1032878916', '1032879478', '1032879107', '1032879181', '1032879368', '1032879240', '1032879092', '1032874973', '1032875000', '1032874944', '1032874924', '1032875392', '1032875562', '1032875533', '1032876561', '1032876601', '1032877036', '1032876459', '1032876335']"
9001238572,3,0.8,464.0,"['1032878356', '1032878380', '1032878406', '1032878262', '1032878276', '1032878298', '1032878326', '1032878340', '1032878636', '1032878608', '1032878554', '1032878515', '1032878828', '1032878932', '1032879040', '1032878774', '1032878945', '1032878785', '1032878810', '1032878933', '1032879447', '1032879533', '1032879335', '1032879120', '1032879216', '1032879278', '1032879256', '1032874598', '1032874635', '1032874883', '1032874921', '1032875548', '1032875508', '1032876541', '1032876954', '1032876671', '1032877042', '1032876355', '1032876456', '1032876792']"
9001238548,3,0.9,463.5,"['1032878164', '1032878133', '1032878105', '1032878441', '1032878142', '1032878308', '1032878153', '1032878661', '1032878587', '1032878540', '1032878484', '1032878880', '1032879002', '1032878733', '1032878866', '1032878993', '1032878682', '1032878800', '1032879469', '1032879171', '1032879184', '1032879208', '1032879220', '1032879239', '1032874968', '1032874715', '1032874757', '1032874981', '1032875404', '1032875490', '1032875514', '1032876924', '1032876631', '1032876405', '1032877035', '1032876311']"
9001238542,3,0.9,463.5,"['1032878111', '1032878390', '1032878100', '1032878442', '1032878467', '1032878309', '1032878336', '1032878645', '1032878588', '1032878538', '1032878488', '1032878872', '1032878978', '1032878709', '1032878808', '1032879001', '1032879020', '1032879011', '1032879474', '1032879172', '1032879077', '1032879204', '1032879164', '1032879152', '1032874959', '1032874632', '1032874555', '1032874937', '1032875393', '1032875419', '1032875428', '1032877062', '1032876567', '1032876433', '1032876480', '1032876279']"
9001238503,2,0.8,464.0,"['1032878081', '1032878010', '1032877948', '1032877901', '1032877838', '1032877776', '1032877744', '1032877682', '1032877628', '1032877567', '1032877512', '1032877457', '1032877400', '1032877349', '1032877309', '1032877246', '1032877174', '1032877112', '1032877080', '1032876918', '1032876336', '1032876771']"
9001238486,2,0.8,464.0,"['1032878094', '1032878017', '1032877953', '1032877902', '1032877841', '1032877792', '1032877731', '1032877690', '1032877639', '1032877577', '1032877521', '1032877462', '1032877410', '1032877358', '1032877295', '1032877223', '1032877168', '1032877108', '1032877088', '1032876281', '1032876344', '1032876725']"
9001238563,3,0.8,464.0,"['1032878371', '1032878240', '1032878253', '1032878435', '1032878461', '1032878299', '1032878210', '1032878669', '1032878617', '1032878569', '1032878517', '1032878469', '1032878911', '1032878962', '1032878695', '1032878789', '1032878973', '1032878792', '1032878822', '1032879438', '1032879514', '1032879317', '1032879198', '1032879214', '1032879231', '1032879251', '1032874762', '1032874770', '1032874989', '1032874884', '1032875416', '1032875565', '1032875511', '1032876951', '1032876661', '1032877083', '1032876373', '1032876448', '1032876736']"
9001238497,2,0.8,464.0,"['1032878056', '1032877999', '1032877957', '1032877905', '1032877842', '1032877788', '1032877747', '1032877686', '1032877635', '1032877581', '1032877523', '1032877464', '1032877403', '1032877350', '1032877293', '1032877225', '1032877165', '1032877110', '1032877077', '1032876949', '1032876376', '1032876810']"
9001238493,2,0.8,464.0,"['1032878085', '1032878011', '1032877952', '1032877898', '1032877844', '1032877786', '1032877730', '1032877670', '1032877637', '1032877576', '1032877518', '1032877461', '1032877419', '1032877368', '1032877305', '1032877237', '1032877169', '1032877109', '1032877068', '1032876325', '1032876972', '1032876865']"
9001238583,3,0.8,464.0,"['1032878231', '1032878383', '1032878411', '1032878432', '1032878278', '1032878301', '1032878315', '1032878341', '1032878640', '1032878611', '1032878556', '1032878505', '1032878829', '1032878940', '1032878680', '1032878782', '1032878881', '1032878714', '1032878870', '1032878689', '1032879452', '1032879537', '1032879337', '1032879202', '1032879063', '1032879267', '1032879148', '1032874570', '1032874727', '1032874717', '1032874905', '1032875482', '1032875463', '1032877078', '1032876673', '1032876653', '1032877092', '1032876313', '1032876368', '1032876350']"
9001238552,3,0.9,463.5,"['1032878354', '1032878169', '1032878417', '1032878270', '1032878187', '1032878199', '1032878330', '1032878653', '1032878582', '1032878528', '1032878474', '1032878899', '1032879006', '1032878741', '1032878805', '1032879017', '1032878690', '1032878799', '1032879476', '1032879304', '1032879326', '1032879373', '1032879284', '1032879091', '1032874966', '1032874627', '1032874974', '1032874648', '1032875398', '1032875453', '1032875473', '1032876930', '1032876597', '1032877045', '1032876492', '1032876239']"
9001238598,0,1,460.0,"['1032879400', '1032879402', '1032879422', '1032879491', '1032879310', '1032879194', '1032879213', '1032879087', '1032879101', '1032874778', '1032874917', '1032874923', '1032875487', '1032875520', '1032876622', '1032877017', '1032876933', '1032876151']"
9001238528,2,0.5,460.0,"['1032878068', '1032878044', '1032877990', '1032877988', '1032877939', '1032877885', '1032877866', '1032877829', '1032877780', '1032877750', '1032877722', '1032877691', '1032877665', '1032877617', '1032877587', '1032877537', '1032877508', '1032877477', '1032877451', '1032877425', '1032877372', '1032877326', '1032877314', '1032877268', '1032877228', '1032877207', '1032877162', '1032877134', '1032877101', '1032876514', '1032877006', '1032876191', '1032876706', '1032876162']"
9001238516,2,0.75,465.0,"['1032878090', '1032878037', '1032877983', '1032877924', '1032877867', '1032877809', '1032877749', '1032877715', '1032877664', '1032877606', '1032877552', '1032877492', '1032877433', '1032877378', '1032877345', '1032877284', '1032877235', '1032877192', '1032877135', '1032876672', '1032876503', '1032876235', '1032876316', '1032876286']"
9001238515,2,0.75,465.0,"['1032878047', '1032878032', '1032877976', '1032877932', '1032877876', '1032877817', '1032877760', '1032877703', '1032877641', '1032877609', '1032877554', '1032877497', '1032877440', '1032877382', '1032877320', '1032877290', '1032877245', '1032877197', '1032877139', '1032876646', '1032876476', '1032876259', '1032876248', '1032876723']"
9001238524,2,0.75,465.0,"['1032878075', '1032878031', '1032877974', '1032877917', '1032877862', '1032877811', '1032877754', '1032877699', '1032877666', '1032877605', '1032877549', '1032877504', '1032877450', '1032877392', '1032877338', '1032877278', '1032877222', '1032877187', '1032877136', '1032876637', '1032876501', '1032876870', '1032876157', '1032876864']"
9001238530,2,0.5,465.0,"['1032878065', '1032878043', '1032877991', '1032877989', '1032877938', '1032877886', '1032877858', '1032877827', '1032877800', '1032877767', '1032877723', '1032877692', '1032877663', '1032877618', '1032877586', '1032877541', '1032877507', '1032877481', '1032877429', '1032877424', '1032877373', '1032877325', '1032877313', '1032877269', '1032877227', '1032877209', '1032877156', '1032877154', '1032877105', '1032876479', '1032876285', '1032877072', '1032876320', '1032876186', '1032877086']"
9001238566,3,0.8,464.0,"['1032878159', '1032878235', '1032878249', '1032878430', '1032878457', '1032878196', '1032878323', '1032878668', '1032878618', '1032878568', '1032878518', '1032878468', '1032878910', '1032878963', '1032878693', '1032878790', '1032878969', '1032878795', '1032878809', '1032879439', '1032879513', '1032879318', '1032879353', '1032879291', '1032879136', '1032879146', '1032874651', '1032874585', '1032874985', '1032875001', '1032875407', '1032875494', '1032875512', '1032876962', '1032876648', '1032876571', '1032876990', '1032876436', '1032876715']"
9001238537,3,0.9,463.5,"['1032878365', '1032878396', '1032878259', '1032878267', '1032878188', '1032878201', '1032878334', '1032878665', '1032878590', '1032878534', '1032878483', '1032878892', '1032879003', '1032878743', '1032878807', '1032879014', '1032878706', '1032878672', '1032879481', '1032879299', '1032879323', '1032879205', '1032879139', '1032879246', '1032874595', '1032874895', '1032874962', '1032874928', '1032875412', '1032875563', '1032875470', '1032876557', '1032876577', '1032877028', '1032877079', '1032876367']"
9001238553,3,0.9,463.5,"['1032878355', '1032878391', '1032878419', '1032878183', '1032878107', '1032878310', '1032878335', '1032878644', '1032878589', '1032878535', '1032878481', '1032878889', '1032878974', '1032878711', '1032878804', '1032879005', '1032878997', '1032878673', '1032879465', '1032879057', '1032879111', '1032879122', '1032879066', '1032879243', '1032874945', '1032874658', '1032874952', '1032874946', '1032875401', '1032875433', '1032875472', '1032876564', '1032876562', '1032877021', '1032877090', '1032876327']"
9001238557,3,0.9,463.5,"['1032878363', '1032878241', '1032878115', '1032878268', '1032878189', '1032878148', '1032878110', '1032878648', '1032878571', '1032878539', '1032878485', '1032878883', '1032878999', '1032878699', '1032878797', '1032879008', '1032878713', '1032878852', '1032879477', '1032879173', '1032879320', '1032879366', '1032879221', '1032879242', '1032874743', '1032874767', '1032874947', '1032874742', '1032874724', '1032875501', '1032877081', '1032876548', '1032876549', '1032876419', '1032876498', '1032876263']"
9001238507,2,0.75,465.0,"['1032878066', '1032878039', '1032877982', '1032877922', '1032877873', '1032877814', '1032877773', '1032877712', '1032877656', '1032877610', '1032877553', '1032877494', '1032877448', '1032877388', '1032877337', '1032877279', '1032877220', '1032877188', '1032877131', '1032876663', '1032876504', '1032876233', '1032876328', '1032876270']"
9001238519,2,0.75,465.0,"['1032878086', '1032878033', '1032877980', '1032877921', '1032877880', '1032877821', '1032877765', '1032877706', '1032877646', '1032877591', '1032877560', '1032877500', '1032877443', '1032877389', '1032877334', '1032877277', '1032877224', '1032877190', '1032877128', '1032877043', '1032876515', '1032876265', '1032876252', '1032876751']"
9001238518,2,0.75,465.0,"['1032878087', '1032878035', '1032877978', '1032877920', '1032877864', '1032877807', '1032877758', '1032877701', '1032877645', '1032877593', '1032877542', '1032877491', '1032877434', '1032877381', '1032877322', '1032877276', '1032877217', '1032877186', '1032877153', '1032876559', '1032876508', '1032876257', '1032876260', '1032876206']"
9001238527,2,0.75,465.0,"['1032878071', '1032878026', '1032877970', '1032877914', '1032877863', '1032877808', '1032877752', '1032877700', '1032877649', '1032877598', '1032877540', '1032877485', '1032877452', '1032877391', '1032877335', '1032877286', '1032877239', '1032877193', '1032877149', '1032877058', '1032876475', '1032876251', '1032876232', '1032876222']"
9001238512,2,0.75,465.0,"['1032878051', '1032878019', '1032877986', '1032877926', '1032877871', '1032877813', '1032877757', '1032877702', '1032877642', '1032877607', '1032877550', '1032877496', '1032877441', '1032877384', '1032877324', '1032877271', '1032877259', '1032877201', '1032877152', '1032876581', '1032876500', '1032876879', '1032876276', '1032876687']"
9001238535,3,0.9,463.5,"['1032878096', '1032878387', '1032878414', '1032878138', '1032878279', '1032878108', '1032878211', '1032878664', '1032878592', '1032878536', '1032878480', '1032878882', '1032879000', '1032878734', '1032878863', '1032878679', '1032878784', '1032878980', '1032879472', '1032879170', '1032879112', '1032879124', '1032879154', '1032879241', '1032874965', '1032874553', '1032874971', '1032874920', '1032875400', '1032875564', '1032875523', '1032876565', '1032876593', '1032876427', '1032876486', '1032876287']"
9001238522,2,0.75,465.0,"['1032878080', '1032878029', '1032877977', '1032877925', '1032877869', '1032877825', '1032877770', '1032877716', '1032877662', '1032877602', '1032877551', '1032877493', '1032877437', '1032877383', '1032877321', '1032877288', '1032877251', '1032877198', '1032877145', '1032876572', '1032876466', '1032876877', '1032876845', '1032876719']"
9001238514,2,0.75,465.0,"['1032878048', '1032878024', '1032877964', '1032877915', '1032877856', '1032877822', '1032877774', '1032877714', '1032877657', '1032877603', '1032877548', '1032877490', '1032877435', '1032877380', '1032877323', '1032877270', '1032877260', '1032877202', '1032877148', '1032876590', '1032876485', '1032876886', '1032876272', '1032876731']"
9001238505,2,0.8,464.0,"['1032878073', '1032878005', '1032877961', '1032877910', '1032877849', '1032877799', '1032877739', '1032877680', '1032877626', '1032877574', '1032877520', '1032877459', '1032877401', '1032877348', '1032877308', '1032877250', '1032877177', '1032877117', '1032876438', '1032876909', '1032876348', '1032876334']"
9001238531,2,0.5,465.0,"['1032878064', '1032878042', '1032877992', '1032877973', '1032877936', '1032877883', '1032877881', '1032877832', '1032877781', '1032877748', '1032877725', '1032877693', '1032877648', '1032877613', '1032877589', '1032877546', '1032877510', '1032877478', '1032877449', '1032877426', '1032877371', '1032877342', '1032877319', '1032877265', '1032877229', '1032877208', '1032877157', '1032877155', '1032877104', '1032876510', '1032876291', '1032877063', '1032876163', '1032876688', '1032877039']"
9001238500,2,0.8,464.0,"['1032878091', '1032878016', '1032877954', '1032877900', '1032877839', '1032877782', '1032877727', '1032877688', '1032877634', '1032877573', '1032877517', '1032877467', '1032877408', '1032877352', '1032877294', '1032877216', '1032877163', '1032877127', '1032876523', '1032876309', '1032876400', '1032876922']"
9001238578,3,0.8,464.0,"['1032878162', '1032878238', '1032878405', '1032878137', '1032878454', '1032878195', '1032878209', '1032878667', '1032878620', '1032878566', '1032878520', '1032878816', '1032878906', '1032878968', '1032878688', '1032878794', '1032878961', '1032878806', '1032878791', '1032879441', '1032879509', '1032879179', '1032879354', '1032879062', '1032879275', '1032879250', '1032874761', '1032874881', '1032874766', '1032874897', '1032875415', '1032875455', '1032875465', '1032876670', '1032876665', '1032876454', '1032876275', '1032876444', '1032876752']"
9001238525,2,0.75,465.0,"['1032878074', '1032878027', '1032877966', '1032877912', '1032877878', '1032877820', '1032877763', '1032877710', '1032877655', '1032877597', '1032877544', '1032877487', '1032877430', '1032877379', '1032877330', '1032877275', '1032877213', '1032877205', '1032877150', '1032876584', '1032876483', '1032876249', '1032876240', '1032876696']"
9001238571,3,0.8,464.0,"['1032878225', '1032878165', '1032878172', '1032878116', '1032878455', '1032878292', '1032878320', '1032878349', '1032878621', '1032878615', '1032878560', '1032878507', '1032878843', '1032878947', '1032878678', '1032878775', '1032878938', '1032878764', '1032878926', '1032878768', '1032879453', '1032879535', '1032879329', '1032879357', '1032879085', '1032879089', '1032879048', '1032874545', '1032874734', '1032874571', '1032874733', '1032875448', '1032875462', '1032876543', '1032876947', '1032876656', '1032877095', '1032876369', '1032876432', '1032876819']"
9001238496,2,0.8,464.0,"['1032878061', '1032878001', '1032877941', '1032877911', '1032877853', '1032877797', '1032877745', '1032877683', '1032877627', '1032877568', '1032877531', '1032877469', '1032877406', '1032877354', '1032877312', '1032877256', '1032877183', '1032877120', '1032876540', '1032876942', '1032876380', '1032876856']"
9001238495,2,0.8,464.0,"['1032878070', '1032878003', '1032877944', '1032877891', '1032877854', '1032877802', '1032877746', '1032877687', '1032877632', '1032877571', '1032877515', '1032877456', '1032877416', '1032877361', '1032877300', '1032877231', '1032877167', '1032877106', '1032877049', '1032876339', '1032876412', '1032876849']"
9001238492,2,0.8,464.0,"['1032878092', '1032878014', '1032877960', '1032877906', '1032877851', '1032877795', '1032877736', '1032877674', '1032877622', '1032877562', '1032877530', '1032877471', '1032877417', '1032877363', '1032877302', '1032877234', '1032877172', '1032877119', '1032876556', '1032876844', '1032876388', '1032876382']"
9001238498,2,0.8,464.0,"['1032878052', '1032877997', '1032877958', '1032877904', '1032877843', '1032877787', '1032877728', '1032877672', '1032877619', '1032877580', '1032877524', '1032877463', '1032877404', '1032877369', '1032877311', '1032877248', '1032877184', '1032877123', '1032877057', '1032876329', '1032876384', '1032876414']"
9001238538,3,0.9,463.5,"['1032878103', '1032878389', '1032878175', '1032878444', '1032878282', '1032878202', '1032878215', '1032878643', '1032878586', '1032878530', '1032878482', '1032878891', '1032879007', '1032878740', '1032878849', '1032878698', '1032879013', '1032878736', '1032879464', '1032879297', '1032879325', '1032879371', '1032879138', '1032879265', '1032874753', '1032875008', '1032874943', '1032874913', '1032874951', '1032875425', '1032876536', '1032876552', '1032877074', '1032877004', '1032876507', '1032876231']"
9001238545,3,0.9,463.5,"['1032878361', '1032878245', '1032878422', '1032878271', '1032878285', '1032878149', '1032878337', '1032878660', '1032878591', '1032878537', '1032878490', '1032878879', '1032878991', '1032878730', '1032878856', '1032878694', '1032879004', '1032878767', '1032879483', '1032879049', '1032879321', '1032879203', '1032879086', '1032879090', '1032874961', '1032874726', '1032874749', '1032874970', '1032875395', '1032875434', '1032875467', '1032876674', '1032876566', '1032876417', '1032876489', '1032876247']"
9001238490,2,0.8,464.0,"['1032878062', '1032878000', '1032877942', '1032877894', '1032877834', '1032877803', '1032877743', '1032877684', '1032877630', '1032877569', '1032877522', '1032877465', '1032877402', '1032877351', '1032877291', '1032877252', '1032877178', '1032877116', '1032877052', '1032876315', '1032876360', '1032876366']"
9001238529,2,0.5,465.0,"['1032878067', '1032878045', '1032877993', '1032877972', '1032877937', '1032877884', '1032877882', '1032877831', '1032877783', '1032877751', '1032877719', '1032877697', '1032877652', '1032877614', '1032877588', '1032877536', '1032877513', '1032877480', '1032877432', '1032877421', '1032877375', '1032877331', '1032877316', '1032877264', '1032877262', '1032877212', '1032877159', '1032877132', '1032877100', '1032876468', '1032876389', '1032877066', '1032876212', '1032876150', '1032876202']"
9001238574,3,0.8,460.0,"['1032878161', '1032878237', '1032878173', '1032878434', '1032878118', '1032878192', '1032878318', '1032878344', '1032878628', '1032878596', '1032878551', '1032878496', '1032878844', '1032878955', '1032879041', '1032878781', '1032878930', '1032878777', '1032878919', '1032878783', '1032879454', '1032879530', '1032879078', '1032879201', '1032879287', '1032879276', '1032879255', '1032874990', '1032874634', '1032874769', '1032874938', '1032875544', '1032875499', '1032875527', '1032876602', '1032876594', '1032876443', '1032876200', '1032876423']"
9001238597,0,1,460.0,"['1032879398', '1032879416', '1032879429', '1032879503', '1032879315', '1032879342', '1032879380', '1032879133', '1032879103', '1032874777', '1032874980', '1032874890', '1032875432', '1032875519', '1032876623', '1032877025', '1032876293', '1032876650']"
9001238575,3,0.8,468.0,"['1032878227', '1032878382', '1032878409', '1032878266', '1032878184', '1032878291', '1032878123', '1032878221', '1032878627', '1032878597', '1032878545', '1032878512', '1032878832', '1032878939', '1032879018', '1032878751', '1032878909', '1032878742', '1032878855', '1032878674', '1032879457', '1032879539', '1032879339', '1032879355', '1032879280', '1032879070', '1032879150', '1032874653', '1032874894', '1032874775', '1032874647', '1032875547', '1032875439', '1032875474', '1032877047', '1032876647', '1032876453', '1032876225', '1032876756', '1032877040']"
9001238534,2,0.5,465.0,"['1032878095', '1032878046', '1032877996', '1032877968', '1032877933', '1032877889', '1032877861', '1032877826', '1032877804', '1032877771', '1032877724', '1032877694', '1032877644', '1032877612', '1032877590', '1032877545', '1032877509', '1032877479', '1032877439', '1032877423', '1032877370', '1032877344', '1032877318', '1032877266', '1032877219', '1032877206', '1032877161', '1032877133', '1032877099', '1032876477', '1032876283', '1032877075', '1032876324', '1032876701', '1032876827']"
9001238576,3,0.8,468.0,"['1032878360', '1032878381', '1032878171', '1032878424', '1032878274', '1032878294', '1032878207', '1032878219', '1032878629', '1032878599', '1032878550', '1032878497', '1032878860', '1032878922', '1032879022', '1032878758', '1032878920', '1032878707', '1032878838', '1032878996', '1032879449', '1032879529', '1032879188', '1032879200', '1032879217', '1032879156', '1032879096', '1032874926', '1032874637', '1032874898', '1032874929', '1032875449', '1032875561', '1032875444', '1032876592', '1032876664', '1032876449', '1032876825', '1032876391', '1032876718']"
9001238523,2,0.75,465.0,"['1032878079', '1032878030', '1032877975', '1032877916', '1032877855', '1032877823', '1032877769', '1032877711', '1032877654', '1032877596', '1032877534', '1032877501', '1032877447', '1032877390', '1032877333', '1032877274', '1032877214', '1032877204', '1032877151', '1032876600', '1032876495', '1032876243', '1032876199', '1032876851']"
9001238559,3,0.8,468.0,"['1032878367', '1032878113', '1032878174', '1032878437', '1032878273', '1032878290', '1032878150', '1032878342', '1032878634', '1032878604', '1032878565', '1032878510', '1032878833', '1032878943', '1032878677', '1032878779', '1032878958', '1032878701', '1032878845', '1032878981', '1032879451', '1032879538', '1032879189', '1032879363', '1032879042', '1032879272', '1032879259', '1032874556', '1032874909', '1032875016', '1032874948', '1032875546', '1032875549', '1032875532', '1032876629', '1032876651', '1032876445', '1032876197', '1032876716', '1032876242']"
9001238564,3,0.8,468.0,"['1032878234', '1032878374', '1032878247', '1032878427', '1032878275', '1032878120', '1032878102', '1032878158', '1032878625', '1032878594', '1032878563', '1032878514', '1032878826', '1032878936', '1032879034', '1032878756', '1032878923', '1032878770', '1032878972', '1032878885', '1032879462', '1032879519', '1032879330', '1032879199', '1032879067', '1032879047', '1032879254', '1032874763', '1032874896', '1032875009', '1032874954', '1032875479', '1032875458', '1032875528', '1032876616', '1032876640', '1032876441', '1032876837', '1032876383', '1032876160']"
9001238587,0,1,470.0,"['1032879396', '1032879413', '1032879433', '1032879498', '1032879177', '1032879351', '1032879384', '1032879270', '1032874568', '1032874983', '1032874739', '1032874934', '1032875430', '1032875496', '1032877089', '1032876573', '1032876984', '1032876997', '1032876228', '1032876896']"
9001238595,0,1,470.0,"['1032879395', '1032879415', '1032879432', '1032879502', '1032879314', '1032879349', '1032879068', '1032879135', '1032879056', '1032874660', '1032874922', '1032874931', '1032875451', '1032875441', '1032876613', '1032876604', '1032876381', '1032876296', '1032876907']"
9001238603,0,1,470.0,"['1032879393', '1032879410', '1032879420', '1032879487', '1032879108', '1032879117', '1032879383', '1032879158', '1032874957', '1032874764', '1032874735', '1032874955', '1032875418', '1032875457', '1032876529', '1032876638', '1032877032', '1032877013', '1032876908', '1032876694']"
9001238558,3,0.8,468.0,"['1032878129', '1032878239', '1032878412', '1032878425', '1032878453', '1032878293', '1032878208', '1032878348', '1032878624', '1032878595', '1032878562', '1032878508', '1032878840', '1032878914', '1032879025', '1032878759', '1032878927', '1032878761', '1032878950', '1032878801', '1032879442', '1032879524', '1032879185', '1032879358', '1032879163', '1032879266', '1032879095', '1032874991', '1032874901', '1032874656', '1032874935', '1032875550', '1032875426', '1032875534', '1032876645', '1032876615', '1032876518', '1032876855', '1032876455', '1032876775']"
9001238506,2,0.8,464.0,"['1032878069', '1032878004', '1032877943', '1032877892', '1032877836', '1032877779', '1032877726', '1032877681', '1032877629', '1032877566', '1032877506', '1032877473', '1032877411', '1032877357', '1032877296', '1032877221', '1032877164', '1032877125', '1032877073', '1032876305', '1032876356', '1032876302']"
9001238547,3,0.9,463.5,"['1032878368', '1032878398', '1032878420', '1032878139', '1032878119', '1032878303', '1032878327', '1032878657', '1032878583', '1032878527', '1032878476', '1032878904', '1032878977', '1032878715', '1032878831', '1032879036', '1032878982', '1032878884', '1032879471', '1032879300', '1032879328', '1032879207', '1032879222', '1032879143', '1032874969', '1032874655', '1032874755', '1032874590', '1032875396', '1032875493', '1032875443', '1032876568', '1032876921', '1032876421', '1032876502', '1032876375']"
9001238494,2,0.8,464.0,"['1032878077', '1032878007', '1032877947', '1032877909', '1032877846', '1032877793', '1032877734', '1032877679', '1032877623', '1032877563', '1032877533', '1032877475', '1032877412', '1032877356', '1032877297', '1032877257', '1032877182', '1032877121', '1032877064', '1032876317', '1032876364', '1032876318']"
9001238532,2,0.5,465.0,"['1032878059', '1032878041', '1032877995', '1032877971', '1032877935', '1032877887', '1032877857', '1032877830', '1032877778', '1032877759', '1032877721', '1032877695', '1032877643', '1032877616', '1032877585', '1032877557', '1032877528', '1032877483', '1032877438', '1032877422', '1032877374', '1032877332', '1032877317', '1032877263', '1032877261', '1032877211', '1032877160', '1032877137', '1032877102', '1032876469', '1032876299', '1032876772', '1032876699', '1032876711', '1032876800']"
9001238544,3,0.9,463.5,"['1032878358', '1032878393', '1032878256', '1032878445', '1032878286', '1032878204', '1032878328', '1032878658', '1032878581', '1032878529', '1032878491', '1032878873', '1032878975', '1032878716', '1032878824', '1032878676', '1032878753', '1032879435', '1032879518', '1032879340', '1032879290', '1032879065', '1032879093', '1032874977', '1032875010', '1032874652', '1032875017', '1032875537', '1032875459', '1032876537', '1032876683', '1032877011', '1032876409', '1032877094', '1032876343']"
9001238549,3,0.9,463.5,"['1032878372', '1032878395', '1032878421', '1032878447', '1032878465', '1032878121', '1032878213', '1032878656', '1032878577', '1032878526', '1032878471', '1032878868', '1032878987', '1032878723', '1032878839', '1032878983', '1032878989', '1032878704', '1032879475', '1032879301', '1032879059', '1032879082', '1032879263', '1032879245', '1032874592', '1032874628', '1032874760', '1032874939', '1032874998', '1032875460', '1032876533', '1032876677', '1032877065', '1032876425', '1032876470', '1032876351']"
9001238585,0,1,470.0,"['1032879385', '1032879406', '1032879496', '1032879495', '1032879309', '1032879347', '1032879046', '1032879279', '1032879295', '1032875002', '1032874768', '1032874748', '1032875450', '1032875518', '1032876995', '1032876589', '1032876277', '1032876284', '1032876938']"
9001238584,3,0.8,468.0,"['1032878097', '1032878375', '1032878401', '1032878260', '1032878452', '1032878194', '1032878319', '1032878156', '1032878641', '1032878610', '1032878557', '1032878502', '1032878848', '1032878946', '1032878681', '1032878786', '1032878874', '1032878722', '1032878862', '1032879027', '1032879461', '1032879541', '1032879338', '1032879361', '1032879130', '1032879277', '1032879147', '1032874986', '1032874902', '1032874772', '1032874591', '1032875484', '1032875436', '1032875475', '1032876612', '1032876624', '1032877091', '1032876213', '1032876721', '1032876214']"
9001238570,3,0.8,468.0,"['1032878160', '1032878376', '1032878399', '1032878261', '1032878140', '1032878145', '1032878313', '1032878217', '1032878637', '1032878606', '1032878555', '1032878509', '1032878841', '1032878952', '1032878687', '1032878744', '1032878894', '1032878732', '1032878908', '1032878737', '1032879456', '1032879540', '1032879190', '1032879356', '1032879155', '1032879157', '1032879260', '1032874548', '1032874554', '1032874714', '1032874725', '1032875540', '1032875420', '1032875535', '1032876644', '1032876639', '1032876712', '1032876848', '1032876765', '1032877023']"
9001238513,2,0.75,465.0,"['1032878050', '1032878022', '1032877965', '1032877913', '1032877877', '1032877824', '1032877768', '1032877709', '1032877658', '1032877600', '1032877543', '1032877488', '1032877428', '1032877395', '1032877341', '1032877281', '1032877244', '1032877195', '1032877141', '1032876539', '1032876471', '1032876273', '1032876292', '1032876185']"
9001238589,0,1,470.0,"['1032879394', '1032879404', '1032879421', '1032879492', '1032879311', '1032879341', '1032879379', '1032879064', '1032879294', '1032874773', '1032874900', '1032874999', '1032875558', '1032875442', '1032876987', '1032876578', '1032876385', '1032876304', '1032876274']"
9001238517,2,0.75,465.0,"['1032878089', '1032878034', '1032877979', '1032877919', '1032877859', '1032877805', '1032877772', '1032877713', '1032877659', '1032877599', '1032877539', '1032877484', '1032877454', '1032877394', '1032877343', '1032877285', '1032877243', '1032877194', '1032877144', '1032876628', '1032876484', '1032876901', '1032876300', '1032876254']"
9001238602,0,1,470.0,"['1032879392', '1032879411', '1032879431', '1032879507', '1032879306', '1032879079', '1032879382', '1032879230', '1032879102', '1032874649', '1032874903', '1032875005', '1032875485', '1032875513', '1032876574', '1032876545', '1032876371', '1032876312', '1032876881']"
9001238508,2,0.75,465.0,"['1032878060', '1032878023', '1032877962', '1032877930', '1032877875', '1032877815', '1032877766', '1032877708', '1032877667', '1032877611', '1032877555', '1032877495', '1032877444', '1032877386', '1032877327', '1032877273', '1032877218', '1032877185', '1032877147', '1032876617', '1032876496', '1032876245', '1032876308', '1032876238']"
9001238569,3,0.8,468.0,"['1032878224', '1032878378', '1032878403', '1032878263', '1032878459', '1032878198', '1032878205', '1032878157', '1032878633', '1032878602', '1032878549', '1032878500', '1032878851', '1032878959', '1032879016', '1032878755', '1032878905', '1032878754', '1032878934', '1032878720', '1032879458', '1032879045', '1032879110', '1032879080', '1032879083', '1032879283', '1032879054', '1032874975', '1032874728', '1032874930', '1032874911', '1032874641', '1032875552', '1032875464', '1032876966', '1032876580', '1032876632', '1032876519', '1032876217', '1032876234', '1032877008']"
9001238511,2,0.75,465.0,"['1032878054', '1032878021', '1032877969', '1032877918', '1032877860', '1032877806', '1032877775', '1032877717', '1032877661', '1032877604', '1032877547', '1032877489', '1032877427', '1032877397', '1032877339', '1032877280', '1032877258', '1032877200', '1032877142', '1032876614', '1032876490', '1032876894', '1032876256', '1032876746']"
9001238521,2,0.75,465.0,"['1032878082', '1032878038', '1032877981', '1032877923', '1032877868', '1032877810', '1032877756', '1032877705', '1032877647', '1032877592', '1032877558', '1032877498', '1032877442', '1032877393', '1032877336', '1032877282', '1032877236', '1032877191', '1032877130', '1032876657', '1032876491', '1032876267', '1032876264', '1032876161']"
9001238485,2,0.8,464.0,"['1032877098', '1032878018', '1032877959', '1032877903', '1032877845', '1032877789', '1032877737', '1032877673', '1032877620', '1032877583', '1032877525', '1032877466', '1032877405', '1032877360', '1032877301', '1032877230', '1032877166', '1032877107', '1032876525', '1032876297', '1032876352', '1032876786']"
9001238591,0,1,470.0,"['1032879399', '1032879412', '1032879430', '1032879506', '1032879075', '1032879348', '1032879084', '1032879160', '1032879100', '1032874601', '1032874918', '1032874936', '1032875488', '1032875440', '1032876591', '1032876374', '1032876357', '1032876280', '1032876992']"
9001238510,2,0.75,465.0,"['1032878055', '1032878020', '1032877984', '1032877931', '1032877874', '1032877816', '1032877761', '1032877704', '1032877651', '1032877594', '1032877538', '1032877486', '1032877436', '1032877377', '1032877347', '1032877287', '1032877254', '1032877199', '1032877143', '1032876626', '1032876478', '1032876253', '1032876236', '1032876773']"
9001238579,3,0.8,468.0,"['1032878229', '1032878166', '1032878134', '1032878423', '1032878449', '1032878193', '1032878151', '1032878345', '1032878635', '1032878603', '1032878548', '1032878495', '1032878825', '1032878931', '1032879037', '1032878747', '1032878890', '1032878739', '1032878886', '1032878949', '1032879459', '1032879268', '1032879316', '1032879352', '1032879125', '1032879223', '1032879145', '1032874569', '1032874565', '1032874738', '1032874729', '1032874644', '1032875551', '1032875510', '1032876658', '1032877030', '1032876610', '1032877069', '1032876227', '1032876737', '1032876977']"
9001238592,0,1,470.0,"['1032879389', '1032879409', '1032879426', '1032879499', '1032879313', '1032879196', '1032879377', '1032879228', '1032879104', '1032874659', '1032874629', '1032874907', '1032875555', '1032875466', '1032876570', '1032877015', '1032876379', '1032876288', '1032876959']"
9001238509,2,0.75,465.0,"['1032878057', '1032878025', '1032877963', '1032877929', '1032877879', '1032877819', '1032877764', '1032877707', '1032877650', '1032877595', '1032877535', '1032877499', '1032877445', '1032877385', '1032877329', '1032877272', '1032877226', '1032877189', '1032877129', '1032876569', '1032876474', '1032876261', '1032876244', '1032876821']"
9001238568,3,0.8,468.0,"['1032878352', '1032878236', '1032878250', '1032878431', '1032878186', '1032878146', '1032878325', '1032878347', '1032878623', '1032878601', '1032878546', '1032878501', '1032878857', '1032878944', '1032878684', '1032878772', '1032878951', '1032878757', '1032878957', '1032878705', '1032879455', '1032879521', '1032879332', '1032879359', '1032879218', '1032879053', '1032879055', '1032874982', '1032874892', '1032874712', '1032874882', '1032875538', '1032875461', '1032875445', '1032877026', '1032876546', '1032877084', '1032876219', '1032876439', '1032876487']"
9001238520,2,0.75,465.0,"['1032878083', '1032878036', '1032877987', '1032877928', '1032877872', '1032877812', '1032877753', '1032877698', '1032877668', '1032877608', '1032877556', '1032877502', '1032877446', '1032877387', '1032877346', '1032877289', '1032877247', '1032877196', '1032877140', '1032876641', '1032876460', '1032876846', '1032876216', '1032876196']"
9001238561,3,0.8,468.0,"['1032878369', '1032878385', '1032878407', '1032878265', '1032878141', '1032878289', '1032878316', '1032878339', '1032878638', '1032878607', '1032878552', '1032878499', '1032878847', '1032878953', '1032878685', '1032878748', '1032878887', '1032878729', '1032878893', '1032878854', '1032879444', '1032879526', '1032879333', '1032879081', '1032879288', '1032879069', '1032879261', '1032874914', '1032874564', '1032875015', '1032874744', '1032875480', '1032875505', '1032875529', '1032876605', '1032876575', '1032876520', '1032876863', '1032876749', '1032877055']"
9001238565,3,0.8,468.0,"['1032878373', '1032878130', '1032878402', '1032878429', '1032878456', '1032878191', '1032878314', '1032878126', '1032878632', '1032878605', '1032878559', '1032878503', '1032878850', '1032878956', '1032879019', '1032878750', '1032878902', '1032878746', '1032878823', '1032878869', '1032879443', '1032879527', '1032879114', '1032879165', '1032879289', '1032879233', '1032879151', '1032874730', '1032874916', '1032874718', '1032874893', '1032875447', '1032875503', '1032875531', '1032876630', '1032876625', '1032876437', '1032876229', '1032876744', '1032877071']"
9001238590,0,1,470.0,"['1032879397', '1032879417', '1032879418', '1032879485', '1032879308', '1032879345', '1032879126', '1032879132', '1032874645', '1032874993', '1032874567', '1032874919', '1032875409', '1032875456', '1032876655', '1032876583', '1032876826', '1032876361', '1032876224', '1032877007']"
9001238604,0,1,470.0,"['1032879386', '1032879407', '1032879500', '1032879490', '1032879176', '1032879193', '1032879212', '1032879071', '1032874956', '1032874995', '1032874741', '1032874752', '1032875422', '1032875497', '1032876654', '1032877033', '1032877010', '1032876982', '1032876809', '1032876976']"
9001238600,0,1,470.0,"['1032879390', '1032879516', '1032879427', '1032879501', '1032879109', '1032879350', '1032879072', '1032879224', '1032879296', '1032874600', '1032874719', '1032874633', '1032875559', '1032875421', '1032876633', '1032877020', '1032876337', '1032876187', '1032876301']"
9001238599,0,1,470.0,"['1032879401', '1032879403', '1032879423', '1032879486', '1032879175', '1032879346', '1032879378', '1032879159', '1032879167', '1032874779', '1032874588', '1032874906', '1032875423', '1032875469', '1032876579', '1032876609', '1032876973', '1032876220', '1032876465']"
9001238567,3,0.8,468.0,"['1032878223', '1032878377', '1032878404', '1032878179', '1032878272', '1032878287', '1032878317', '1032878220', '1032878631', '1032878609', '1032878553', '1032878498', '1032878858', '1032878924', '1032879030', '1032878765', '1032878878', '1032878717', '1032878877', '1032879012', '1032879445', '1032879525', '1032879334', '1032879061', '1032879166', '1032879274', '1032879149', '1032874654', '1032874636', '1032874908', '1032874940', '1032875483', '1032875509', '1032875429', '1032876598', '1032876944', '1032876451', '1032876777', '1032876399', '1032877070']"
9001238504,2,0.8,464.0,"['1032878076', '1032878009', '1032877945', '1032877890', '1032877850', '1032877796', '1032877735', '1032877675', '1032877640', '1032877582', '1032877526', '1032877474', '1032877413', '1032877359', '1032877298', '1032877242', '1032877173', '1032877115', '1032876547', '1032876321', '1032876372', '1032876814']"
9001238501,2,0.8,464.0,"['1032878088', '1032878013', '1032877949', '1032877897', '1032877852', '1032877794', '1032877738', '1032877676', '1032877631', '1032877572', '1032877514', '1032877458', '1032877398', '1032877365', '1032877307', '1032877255', '1032877180', '1032877124', '1032877046', '1032876363', '1032876428', '1032876817']"
9001238489,2,0.8,464.0,"['1032878078', '1032878008', '1032877946', '1032877893', '1032877835', '1032877784', '1032877729', '1032877669', '1032877636', '1032877575', '1032877519', '1032877460', '1032877399', '1032877366', '1032877304', '1032877238', '1032877170', '1032877111', '1032877085', '1032876911', '1032876404', '1032876184']"
9001238577,3,0.8,464.0,"['1032878228', '1032878104', '1032878408', '1032878180', '1032878462', '1032878296', '1032878324', '1032878666', '1032878619', '1032878567', '1032878519', '1032878813', '1032878907', '1032878967', '1032878692', '1032878793', '1032878966', '1032878803', '1032878802', '1032879440', '1032879510', '1032879319', '1032879197', '1032879215', '1032879273', '1032879252', '1032874979', '1032874887', '1032874984', '1032875012', '1032875408', '1032875495', '1032875545', '1032876669', '1032876676', '1032876458', '1032876353', '1032876420', '1032876171']"
9001238499,2,0.8,464.0,"['1032878049', '1032878006', '1032877951', '1032877895', '1032877833', '1032877798', '1032877740', '1032877678', '1032877624', '1032877564', '1032877511', '1032877455', '1032877415', '1032877364', '1032877310', '1032877249', '1032877181', '1032877122', '1032877061', '1032876341', '1032876408', '1032876195']"
9001238573,3,0.8,464.0,"['1032878226', '1032878379', '1032878251', '1032878264', '1032878460', '1032878300', '1032878321', '1032878670', '1032878616', '1032878570', '1032878516', '1032878470', '1032878913', '1032878960', '1032878696', '1032878787', '1032878976', '1032878788', '1032878837', '1032879437', '1032879511', '1032879180', '1032879119', '1032879043', '1032879232', '1032879094', '1032874978', '1032874713', '1032874988', '1032874716', '1032875446', '1032875454', '1032875427', '1032876662', '1032876668', '1032877054', '1032876964', '1032876416', '1032876839']"
9001238586,0,1,470.0,"['1032879387', '1032879405', '1032879425', '1032879494', '1032879312', '1032879118', '1032879127', '1032879282', '1032874953', '1032874589', '1032874932', '1032874638', '1032875406', '1032875498', '1032876531', '1032877002', '1032876390', '1032876345', '1032876193', '1032876429']"
9001238560,3,0.8,468.0,"['1032878232', '1032878386', '1032878400', '1032878428', '1032878185', '1032878295', '1032878322', '1032878350', '1032878622', '1032878614', '1032878561', '1032878506', '1032878836', '1032878929', '1032879038', '1032878778', '1032878954', '1032878710', '1032878830', '1032878964', '1032879450', '1032879534', '1032879187', '1032879121', '1032879286', '1032879044', '1032879253', '1032874987', '1032874904', '1032875006', '1032874720', '1032875542', '1032875417', '1032875477', '1032876636', '1032876576', '1032877067', '1032876209', '1032876431', '1032876246']"
9001238596,0,1,470.0,"['1032879528', '1032879504', '1032879419', '1032879489', '1032879307', '1032879343', '1032879209', '1032879134', '1032879293', '1032875014', '1032874927', '1032874740', '1032875556', '1032875471', '1032876980', '1032876596', '1032876307', '1032876208', '1032876526']"
9001238526,2,0.75,465.0,"['1032878072', '1032878028', '1032877985', '1032877927', '1032877870', '1032877818', '1032877762', '1032877718', '1032877660', '1032877601', '1032877559', '1032877503', '1032877453', '1032877396', '1032877340', '1032877283', '1032877232', '1032877203', '1032877146', '1032876606', '1032876493', '1032876241', '1032876693', '1032876172']"
9001238488,2,0.8,464.0,"['1032878093', '1032878015', '1032877956', '1032877908', '1032877847', '1032877791', '1032877732', '1032877671', '1032877621', '1032877565', '1032877505', '1032877472', '1032877414', '1032877367', '1032877306', '1032877241', '1032877175', '1032877114', '1032876422', '1032876957', '1032876392', '1032876398']"
9001238582,3,0.8,468.0,"['1032878163', '1032878384', '1032878254', '1032878426', '1032878451', '1032878288', '1032878206', '1032878343', '1032878630', '1032878613', '1032878564', '1032878511', '1032878835', '1032878937', '1032879026', '1032878766', '1032878942', '1032878780', '1032878814', '1032878918', '1032879448', '1032879531', '1032879336', '1032879362', '1032879219', '1032879137', '1032879098', '1032874549', '1032874899', '1032875011', '1032874915', '1032875543', '1032875437', '1032875530', '1032877018', '1032876608', '1032877076', '1032876194', '1032876407', '1032876333']"
9001238594,0,1,470.0,"['1032879532', '1032879414', '1032879484', '1032879493', '1032879058', '1032879195', '1032879051', '1032879229', '1032879099', '1032874780', '1032874912', '1032875003', '1032875486', '1032875516', '1032876607', '1032877005', '1032876975', '1032876181', '1032876365']"
9001238580,3,0.8,468.0,"['1032878364', '1032878131', '1032878410', '1032878436', '1032878458', '1032878197', '1032878124', '1032878218', '1032878639', '1032878612', '1032878558', '1032878504', '1032878817', '1032878928', '1032879031', '1032878771', '1032878935', '1032878773', '1032878965', '1032878900', '1032879446', '1032879522', '1032879331', '1032879360', '1032879052', '1032879234', '1032879097', '1032874996', '1032874925', '1032874886', '1032875004', '1032875539', '1032875504', '1032875476', '1032876619', '1032876544', '1032876462', '1032876221', '1032876447', '1032876397']"
9001238601,0,1,470.0,"['1032879391', '1032879520', '1032879424', '1032879497', '1032879174', '1032879060', '1032879211', '1032879225', '1032874747', '1032874732', '1032874942', '1032874640', '1032875405', '1032875435', '1032876969', '1032876999', '1032877029', '1032876926', '1032876686', '1032876884']"
9001238479,1,0.5,492.5,"['1032875061', '1032875069', '1032875084', '1032874680', '1032874822', '1032874830', '1032875119', '1032875134', '1032875151', '1032874854', '1032875173', '1032874702', '1032874624', '1032875021', '1032874789', '1032874797', '1032875571', '1032875604', '1032875606', '1032875638', '1032875668', '1032875682', '1032875705', '1032875738', '1032875746', '1032875779', '1032875802', '1032875816', '1032875838', '1032875859', '1032875860', '1032876115', '1032875210', '1032875882', '1032876040', '1032876019', '1032875901', '1032875973', '1032875945', '1032875933', '1032875239', '1032875255', '1032875983', '1032875279', '1032876050', '1032875298', '1032876086', '1032876119', '1032876135', '1032875356', '1032875389', '1032876914', '1032876858', '1032876822', '1032876755', '1032876762', '1032876811', '1032876173', '1032876941', '1032876869', '1032876183', '1032876522', '1032876936', '1032876505', '1032876481']"
9001238475,1,0.5,492.5,"['1032875056', '1032875066', '1032874813', '1032874820', '1032874823', '1032875115', '1032875120', '1032875135', '1032874846', '1032875166', '1032875171', '1032874623', '1032874866', '1032874781', '1032874788', '1032875038', '1032875566', '1032875596', '1032875609', '1032875639', '1032875672', '1032875674', '1032875706', '1032875736', '1032875750', '1032875773', '1032875806', '1032875814', '1032875840', '1032875199', '1032875863', '1032875871', '1032875880', '1032876077', '1032875889', '1032875898', '1032876003', '1032875972', '1032875916', '1032875231', '1032875243', '1032875974', '1032875986', '1032876010', '1032876042', '1032875299', '1032876087', '1032875333', '1032876126', '1032875357', '1032875387', '1032876904', '1032876866', '1032876823', '1032876708', '1032876788', '1032876684', '1032876182', '1032876326', '1032876230', '1032876165', '1032877056', '1032876294', '1032876482', '1032876446']"
9001238477,1,0.5,492.5,"['1032874800', '1032874805', '1032875085', '1032874576', '1032874577', '1032874614', '1032874835', '1032875136', '1032875153', '1032874848', '1032874856', '1032874864', '1032874875', '1032874572', '1032874573', '1032874666', '1032875567', '1032875599', '1032875611', '1032875642', '1032875663', '1032875676', '1032875709', '1032875737', '1032875749', '1032875770', '1032875800', '1032875813', '1032875190', '1032875201', '1032875861', '1032875206', '1032875878', '1032876068', '1032876045', '1032876012', '1032876004', '1032875971', '1032875948', '1032875921', '1032875943', '1032875259', '1032875978', '1032875277', '1032876046', '1032876058', '1032876090', '1032875328', '1032875335', '1032875360', '1032875388', '1032876893', '1032876868', '1032876153', '1032876695', '1032876787', '1032876691', '1032876176', '1032876659', '1032876857', '1032876835', '1032877051', '1032876900', '1032877096', '1032876499']"
9001238482,1,0.5,492.5,"['1032875062', '1032874674', '1032875080', '1032874678', '1032875100', '1032874829', '1032874831', '1032874690', '1032874580', '1032875154', '1032875168', '1032875183', '1032874584', '1032874782', '1032875034', '1032874669', '1032875575', '1032875598', '1032875612', '1032875640', '1032875671', '1032875673', '1032875703', '1032875735', '1032875747', '1032875778', '1032875799', '1032875812', '1032875839', '1032875200', '1032876137', '1032876116', '1032875877', '1032876073', '1032876043', '1032875221', '1032876008', '1032875976', '1032875230', '1032875932', '1032875241', '1032875975', '1032875263', '1032876018', '1032875294', '1032875301', '1032875315', '1032876122', '1032875334', '1032875354', '1032875386', '1032876913', '1032876847', '1032876824', '1032876702', '1032876785', '1032876149', '1032876167', '1032876958', '1032876852', '1032876836', '1032877044', '1032876923', '1032876488', '1032876430']"
9001238481,1,0.5,492.5,"['1032874802', '1032874575', '1032874812', '1032874818', '1032875102', '1032874686', '1032875118', '1032874838', '1032874618', '1032874581', '1032874621', '1032874863', '1032874709', '1032874602', '1032875036', '1032875051', '1032875574', '1032875595', '1032875608', '1032875641', '1032875669', '1032875681', '1032875702', '1032875732', '1032875745', '1032875775', '1032875808', '1032875810', '1032875837', '1032875857', '1032876136', '1032876113', '1032875211', '1032876072', '1032875891', '1032875220', '1032875222', '1032875226', '1032875918', '1032875941', '1032875240', '1032875257', '1032875984', '1032875280', '1032875292', '1032876055', '1032875316', '1032875331', '1032876134', '1032875353', '1032875383', '1032876278', '1032876717', '1032876147', '1032876689', '1032876782', '1032876678', '1032876179', '1032876961', '1032876860', '1032876189', '1032877034', '1032876945', '1032876497', '1032876461']"
9001238478,1,0.5,492.5,"['1032875058', '1032875068', '1032874559', '1032874610', '1032874612', '1032874578', '1032875132', '1032874691', '1032875150', '1032874855', '1032875169', '1032874862', '1032874705', '1032875020', '1032875037', '1032875046', '1032875572', '1032875603', '1032875605', '1032875635', '1032875667', '1032875679', '1032875710', '1032875731', '1032875744', '1032875777', '1032875805', '1032875817', '1032875834', '1032875854', '1032876141', '1032875870', '1032875881', '1032876076', '1032876044', '1032875899', '1032876000', '1032875977', '1032875944', '1032875936', '1032875946', '1032875970', '1032875264', '1032876016', '1032875296', '1032875297', '1032876083', '1032876118', '1032875337', '1032875361', '1032875382', '1032876917', '1032876859', '1032876156', '1032876704', '1032876783', '1032876146', '1032876170', '1032876950', '1032876873', '1032876178', '1032877048', '1032876905', '1032876516', '1032876527']"
9001238476,1,0.5,495.0,"['1032875057', '1032874804', '1032875082', '1032875098', '1032874682', '1032874551', '1032875128', '1032875137', '1032874847', '1032875162', '1032874857', '1032874865', '1032874704', '1032875019', '1032875035', '1032875047', '1032875573', '1032875601', '1032875613', '1032875634', '1032875664', '1032875677', '1032875707', '1032875740', '1032875742', '1032875774', '1032875804', '1032875818', '1032875836', '1032875858', '1032876140', '1032876107', '1032876084', '1032875883', '1032875890', '1032876011', '1032876009', '1032875979', '1032875947', '1032875920', '1032875244', '1032875967', '1032875982', '1032876017', '1032875295', '1032875302', '1032876082', '1032876114', '1032875336', '1032875358', '1032875391', '1032875413', '1032876853', '1032876685', '1032876780', '1032876766', '1032876155', '1032876652', '1032876667', '1032876840', '1032876790', '1032877024', '1032876876', '1032876314', '1032876237']"
9001238483,1,0.5,495.0,"['1032875064', '1032874608', '1032874677', '1032875096', '1032875104', '1032875117', '1032875130', '1032874840', '1032874561', '1032875155', '1032875170', '1032875184', '1032874879', '1032874557', '1032874604', '1032874790', '1032875568', '1032875597', '1032875607', '1032875636', '1032875665', '1032875675', '1032875704', '1032875733', '1032875743', '1032875772', '1032875801', '1032875811', '1032875189', '1032875855', '1032875202', '1032875869', '1032876085', '1032876075', '1032875216', '1032875897', '1032875900', '1032875908', '1032875949', '1032875939', '1032875938', '1032875256', '1032875262', '1032875278', '1032875293', '1032876054', '1032875313', '1032875329', '1032876127', '1032875355', '1032875384', '1032875414', '1032876854', '1032876820', '1032876781', '1032876769', '1032876158', '1032876956', '1032876310', '1032876838', '1032876784', '1032877027', '1032876258', '1032876925', '1032876205']"
9001238480,1,0.5,495.0,"['1032874607', '1032875067', '1032875083', '1032874821', '1032875101', '1032875116', '1032874837', '1032875138', '1032874694', '1032875163', '1032875172', '1032874703', '1032874878', '1032874662', '1032875033', '1032875039', '1032875569', '1032875602', '1032875610', '1032875643', '1032875666', '1032875680', '1032875708', '1032875739', '1032875741', '1032875771', '1032875803', '1032875815', '1032875191', '1032875198', '1032875862', '1032876109', '1032875879', '1032876069', '1032875888', '1032875896', '1032876005', '1032875909', '1032875919', '1032875940', '1032875242', '1032875258', '1032875265', '1032876014', '1032876048', '1032875300', '1032875317', '1032875330', '1032875338', '1032875359', '1032875390', '1032875403', '1032876218', '1032876680', '1032876779', '1032876761', '1032876818', '1032876965', '1032876946', '1032876850', '1032876774', '1032877031', '1032876888', '1032876322', '1032876269']"
9001238484,1,0.5,497.5,"['1032874544', '1032874673', '1032875081', '1032875094', '1032875103', '1032874560', '1032875133', '1032874839', '1032875152', '1032874695', '1032874699', '1032875182', '1032874867', '1032875018', '1032874665', '1032875043', '1032875570', '1032875600', '1032875614', '1032875637', '1032875670', '1032875678', '1032875711', '1032875734', '1032875748', '1032875776', '1032875807', '1032875809', '1032875835', '1032875856', '1032876139', '1032876108', '1032875876', '1032875212', '1032876041', '1032876013', '1032876001', '1032875980', '1032875917', '1032875937', '1032875942', '1032875260', '1032875261', '1032876015', '1032876047', '1032876062', '1032875314', '1032875332', '1032876130', '1032875362', '1032875385', '1032876690', '1032876861', '1032876748', '1032876692', '1032876789', '1032876152', '1032876164', '1032876953', '1032876226', '1032876828', '1032877059', '1032876915', '1032876511', '1032876463', '1032876530']"
9001238459,1,0.75,498.75,"['1032874550', '1032875073', '1032874817', '1032875108', '1032875126', '1032875146', '1032875165', '1032875180', '1032874626', '1032874787', '1032874791', '1032875581', '1032875625', '1032875657', '1032875697', '1032875730', '1032875754', '1032875788', '1032875825', '1032875848', '1032875205', '1032875875', '1032876052', '1032876021', '1032875902', '1032875965', '1032875926', '1032875251', '1032875274', '1032875291', '1032876066', '1032876102', '1032876143', '1032875374', '1032876871', '1032876830', '1032876759', '1032876700', '1032877001', '1032876920', '1032876778', '1032877016', '1032876464', '1032876829']"
9001238467,1,0.75,498.75,"['1032875060', '1032875079', '1032875086', '1032874825', '1032875125', '1032874693', '1032874698', '1032874622', '1032874870', '1032875026', '1032874605', '1032875578', '1032875616', '1032875648', '1032875690', '1032875721', '1032875753', '1032875781', '1032875823', '1032875194', '1032875866', '1032876104', '1032875213', '1032875892', '1032875992', '1032875961', '1032875929', '1032875246', '1032875268', '1032875285', '1032875308', '1032876095', '1032875340', '1032875367', '1032876891', '1032876192', '1032876794', '1032876735', '1032876627', '1032876306', '1032876154', '1032877012', '1032876418', '1032876528']"
9001238463,1,0.75,498.75,"['1032874558', '1032874675', '1032875090', '1032875111', '1032875131', '1032875149', '1032874619', '1032874701', '1032874625', '1032874783', '1032875040', '1032875580', '1032875622', '1032875653', '1032875685', '1032875713', '1032875755', '1032875787', '1032875185', '1032875842', '1032875864', '1032875873', '1032876060', '1032876029', '1032875997', '1032875969', '1032875922', '1032875248', '1032875999', '1032876022', '1032875303', '1032875320', '1032875343', '1032875372', '1032876899', '1032876210', '1032876807', '1032876730', '1032876620', '1032876906', '1032876799', '1032876963', '1032876330', '1032876937']"
9001238457,1,0.75,498.75,"['1032874546', '1032874807', '1032875087', '1032875106', '1032874615', '1032875144', '1032875157', '1032874858', '1032874869', '1032875025', '1032875044', '1032875586', '1032875628', '1032875658', '1032875701', '1032875715', '1032875759', '1032875786', '1032875829', '1032875197', '1032876123', '1032876091', '1032875215', '1032875217', '1032875223', '1032875960', '1032875236', '1032875252', '1032875276', '1032876023', '1032875307', '1032875321', '1032875345', '1032875379', '1032876649', '1032876177', '1032876767', '1032876795', '1032876994', '1032876902', '1032876768', '1032876970', '1032876354', '1032877093']"
9001238468,1,0.75,498.75,"['1032874672', '1032874811', '1032874814', '1032875107', '1032874688', '1032874842', '1032874697', '1032875181', '1032874563', '1032874603', '1032874796', '1032875593', '1032875615', '1032875649', '1032875693', '1032875725', '1032875765', '1032875798', '1032875822', '1032875846', '1032876129', '1032875874', '1032876051', '1032875894', '1032875906', '1032875915', '1032875931', '1032875952', '1032875271', '1032876034', '1032876079', '1032876112', '1032875341', '1032875371', '1032876890', '1032876832', '1032876797', '1032876802', '1032876342', '1032876585', '1032876148', '1032876993', '1032876402', '1032876880']"
9001238466,1,0.75,498.75,"['1032874671', '1032874806', '1032875089', '1032874684', '1032875124', '1032875145', '1032875164', '1032874552', '1032874711', '1032875022', '1032875042', '1032875582', '1032875626', '1032875660', '1032875695', '1032875727', '1032875768', '1032875780', '1032875824', '1032875195', '1032875867', '1032876092', '1032876049', '1032876035', '1032875904', '1032875964', '1032875927', '1032875253', '1032876002', '1032875290', '1032876081', '1032875318', '1032876142', '1032875373', '1032876705', '1032876180', '1032876793', '1032876760', '1032876989', '1032876916', '1032876816', '1032876981', '1032876370', '1032876743']"
9001238471,1,0.75,498.75,"['1032874574', '1032875072', '1032875091', '1032874826', '1032874832', '1032874841', '1032874696', '1032874860', '1032874871', '1032875028', '1032875048', '1032875591', '1032875632', '1032875644', '1032875688', '1032875722', '1032875764', '1032875794', '1032875188', '1032875843', '1032875204', '1032876100', '1032876056', '1032875219', '1032875987', '1032875955', '1032875934', '1032875245', '1032875994', '1032876031', '1032876078', '1032875326', '1032875352', '1032875366', '1032876889', '1032876201', '1032876714', '1032876703', '1032876983', '1032876878', '1032876791', '1032877003', '1032876426', '1032877041']"
9001238465,1,0.75,498.75,"['1032874799', '1032874609', '1032875097', '1032874828', '1032875121', '1032874692', '1032875159', '1032874861', '1032874710', '1032875032', '1032874667', '1032875583', '1032875624', '1032875646', '1032875684', '1032875716', '1032875758', '1032875789', '1032875821', '1032875192', '1032876131', '1032876099', '1032875214', '1032876036', '1032875903', '1032875227', '1032875924', '1032875249', '1032875991', '1032875282', '1032875305', '1032875322', '1032876145', '1032875365', '1032876266', '1032876833', '1032876733', '1032876729', '1032876998', '1032876910', '1032876734', '1032876955', '1032876378', '1032876203']"
9001238456,1,0.75,498.75,"['1032874543', '1032875071', '1032875088', '1032874613', '1032874834', '1032875140', '1032875156', '1032875175', '1032874873', '1032874784', '1032874794', '1032875590', '1032875633', '1032875647', '1032875691', '1032875718', '1032875762', '1032875796', '1032875186', '1032875851', '1032875868', '1032875207', '1032875885', '1032876028', '1032875224', '1032875956', '1032875935', '1032875951', '1032875998', '1032876026', '1032875309', '1032876111', '1032875346', '1032875378', '1032876872', '1032876842', '1032876806', '1032876753', '1032876358', '1032876912', '1032876815', '1032876996', '1032876386', '1032876331']"
9001238464,1,0.75,498.75,"['1032874670', '1032875075', '1032875092', '1032874824', '1032874687', '1032874617', '1032875160', '1032875176', '1032874708', '1032874664', '1032875049', '1032875588', '1032875630', '1032875661', '1032875683', '1032875717', '1032875761', '1032875793', '1032875831', '1032875853', '1032876132', '1032875208', '1032876061', '1032876027', '1032875907', '1032875228', '1032875237', '1032875254', '1032875266', '1032875284', '1032876074', '1032875325', '1032875348', '1032875381', '1032876262', '1032876732', '1032876803', '1032876722', '1032876618', '1032876898', '1032876747', '1032876952', '1032876843', '1032876332']"
9001238473,1,0.75,498.75,"['1032874798', '1032874809', '1032874816', '1032875110', '1032874689', '1032874845', '1032874853', '1032874562', '1032874876', '1032875031', '1032874795', '1032875592', '1032875627', '1032875659', '1032875700', '1032875712', '1032875756', '1032875790', '1032875830', '1032875850', '1032876117', '1032875872', '1032876059', '1032876032', '1032875988', '1032875914', '1032875235', '1032875962', '1032875275', '1032875281', '1032875306', '1032875323', '1032875347', '1032875377', '1032876867', '1032876724', '1032876763', '1032876738', '1032876974', '1032876250', '1032876741', '1032876960', '1032876338', '1032876720']"
9001238474,1,0.75,498.75,"['1032875054', '1032875074', '1032874611', '1032875113', '1032874579', '1032875139', '1032874850', '1032875177', '1032874874', '1032874786', '1032875053', '1032875579', '1032875623', '1032875650', '1032875694', '1032875728', '1032875763', '1032875795', '1032875833', '1032875841', '1032875865', '1032876096', '1032875887', '1032876024', '1032875981', '1032875911', '1032875925', '1032875953', '1032875272', '1032876038', '1032875310', '1032876110', '1032875351', '1032875363', '1032876698', '1032876190', '1032876798', '1032876457', '1032876968', '1032876943', '1032876666', '1032876988', '1032876434', '1032876467']"
9001238472,1,0.75,498.75,"['1032874606', '1032875070', '1032874679', '1032875109', '1032875127', '1032875147', '1032875167', '1032874700', '1032874706', '1032875027', '1032874793', '1032875587', '1032875631', '1032875656', '1032875698', '1032875729', '1032875751', '1032875785', '1032875828', '1032875196', '1032876121', '1032876088', '1032876064', '1032875218', '1032875993', '1032875913', '1032875238', '1032875959', '1032876006', '1032876039', '1032876063', '1032876098', '1032875344', '1032875376', '1032876875', '1032876166', '1032876710', '1032876750', '1032876991', '1032876290', '1032876727', '1032876967', '1032876362', '1032876406']"
9001238462,1,0.75,498.75,"['1032875063', '1032875076', '1032874815', '1032874683', '1032875123', '1032874843', '1032875158', '1032875179', '1032874877', '1032875030', '1032875052', '1032875576', '1032875620', '1032875654', '1032875696', '1032875726', '1032875769', '1032875783', '1032875827', '1032875845', '1032876124', '1032875209', '1032875886', '1032875895', '1032875225', '1032875910', '1032875923', '1032875250', '1032875273', '1032875289', '1032875312', '1032875319', '1032876144', '1032875369', '1032876883', '1032876739', '1032876770', '1032876707', '1032876642', '1032876929', '1032876812', '1032876586', '1032876346', '1032876978']"
9001238470,1,0.75,498.75,"['1032875065', '1032874808', '1032875093', '1032875112', '1032874616', '1032875141', '1032874851', '1032875178', '1032874583', '1032875023', '1032874792', '1032875584', '1032875621', '1032875655', '1032875699', '1032875724', '1032875766', '1032875797', '1032875819', '1032875844', '1032876125', '1032876093', '1032876053', '1032876020', '1032875996', '1032875912', '1032875233', '1032875958', '1032876007', '1032875288', '1032875311', '1032875327', '1032875339', '1032875368', '1032876885', '1032876831', '1032876796', '1032876682', '1032876587', '1032876932', '1032876808', '1032877000', '1032876394', '1032876882']"
9001238461,1,0.75,498.75,"['1032874801', '1032875078', '1032874819', '1032874827', '1032874836', '1032874844', '1032874620', '1032874582', '1032874868', '1032874663', '1032874668', '1032875589', '1032875629', '1032875662', '1032875686', '1032875720', '1032875757', '1032875791', '1032875832', '1032875849', '1032876120', '1032876089', '1032876067', '1032876033', '1032875989', '1032875957', '1032875930', '1032875966', '1032875267', '1032875286', '1032876070', '1032875324', '1032875350', '1032875375', '1032876862', '1032876168', '1032876805', '1032876726', '1032876635', '1032876892', '1032876776', '1032877019', '1032876450', '1032876396']"
9001238469,1,0.75,498.75,"['1032874803', '1032874810', '1032875099', '1032875105', '1032874833', '1032875142', '1032874852', '1032874547', '1032874880', '1032875024', '1032875045', '1032875585', '1032875617', '1032875645', '1032875687', '1032875719', '1032875760', '1032875782', '1032875820', '1032875193', '1032876128', '1032876097', '1032876065', '1032876037', '1032875995', '1032875963', '1032875234', '1032875950', '1032875990', '1032875283', '1032876071', '1032876103', '1032876138', '1032875364', '1032876895', '1032876834', '1032876740', '1032876757', '1032876611', '1032876934', '1032876813', '1032876985', '1032876442', '1032876268']"
9001238460,1,0.75,498.75,"['1032875055', '1032875077', '1032874681', '1032875114', '1032875122', '1032875143', '1032875161', '1032875174', '1032874872', '1032874785', '1032875041', '1032875577', '1032875619', '1032875651', '1032875692', '1032875714', '1032875752', '1032875784', '1032875826', '1032875847', '1032876133', '1032876105', '1032875884', '1032875893', '1032875905', '1032875968', '1032875232', '1032875247', '1032875270', '1032876030', '1032875304', '1032876094', '1032875342', '1032875370', '1032876887', '1032876841', '1032876804', '1032876742', '1032876986', '1032876897', '1032876754', '1032876948', '1032876472', '1032876745']"
9001238458,1,0.75,498.75,"['1032875059', '1032874676', '1032875095', '1032874685', '1032875129', '1032875148', '1032874849', '1032874859', '1032874707', '1032875029', '1032875050', '1032875594', '1032875618', '1032875652', '1032875689', '1032875723', '1032875767', '1032875792', '1032875187', '1032875852', '1032875203', '1032876101', '1032876057', '1032876025', '1032875985', '1032875229', '1032875928', '1032875954', '1032875269', '1032875287', '1032876080', '1032876106', '1032875349', '1032875380', '1032876903', '1032876713', '1032876801', '1032876697', '1032876979', '1032876874', '1032876159', '1032877009', '1032876410', '1032876204']"
